First Name,Last Name,Age
Ashley,Anderson,79
Emily,Marshall,63
Rebecca,Mann,68
Charles,Velazquez,87
Micheal,Goodwin,51
Darryl,Smith,85
Alexander,Rivera,57
Wanda,Ramirez,85
Richard,Simmons,70
Frank,Goodwin,89
Emily,Rodriguez,68
Julie,Williams,93
Jessica,Acosta,52
Christopher,Fuentes,88
Kristen,Gonzales,59
William,Smith,79
Albert,Smith,69
Joseph,Alvarez,53
Sarah,Leonard,74
Tracy,Smith,57
Nicholas,Gonzales,68
Michael,Medina,74
Tamara,Washington,52
Lauren,Mcmillan,90
Jessica,Cuevas,77
Matthew,Rodriguez,82
Kevin,Adams,75
Janet,Gonzalez,83
Pamela,Hubbard,62
Lisa,Manning,99
Michael,Hancock,92
Jessica,Santiago,94
Colleen,Sims,85
Bryan,Duncan,60
Michael,Bailey,75
Margaret,Coleman,84
Erika,Doyle,67
Lucas,Bowman,62
Kayla,Powell,50
Vanessa,Ware,60
Anita,Cantu,58
Paula,Thomas,68
Tanya,Kelly,100
Katherine,Perez,82
Matthew,Goodwin,60
Patrick,Jackson,77
Timothy,Brown,78
Jeanne,Nelson,97
Ryan,Davis,78
Brittney,Garcia,70
Eduardo,Gonzalez,55
Jessica,Moore,100
Kevin,Ramsey,62
George,Walker,52
Javier,Le,83
Danielle,Ortiz,80
Philip,Murray,94
Bryan,Miller,91
Henry,Gonzalez,67
Frederick,Brooks,97
Robert,Davis,66
Stephen,Wheeler,59
Donald,Mullen,78
Anthony,Davidson,50
Tyler,Stone,83
Crystal,Hill,95
Susan,Diaz,51
Kevin,Harris,69
Jessica,Becker,99
Megan,Flores,82
Kim,Morgan,98
Amy,Williams,62
Steven,Haney,71
Linda,Peterson,82
Samuel,Adams,51
Vincent,Ward,80
Michael,Jones,95
James,Tate,75
Edward,Taylor,64
Nicole,Conway,60
Connie,Key,68
Andrew,Powell,77
Robert,Bryant,89
Paul,Santana,81
Allison,Mcgee,97
Michael,Greene,73
Michelle,Gonzalez,62
Kevin,Freeman,68
Jennifer,Jones,74
Ricky,Smith,55
Julia,Garcia,63
Erin,Chapman,88
Meghan,Dickson,73
Daniel,Wood,50
Christina,Hill,79
Emily,Rivers,56
Lori,Lynch,51
Noah,Harris,77
Adrian,Ortiz,84
Erica,Lowery,61
Patricia,Knapp,68
Melissa,Stout,63
Andrew,Johnson,100
Keith,Robinson,84
Michelle,Rivers,72
Tyler,Williams,76
Kelly,Garcia,70
Kristina,Young,71
April,Smith,52
